"","interest.all","lead.all","dd.id.all","dd.belonging.all","dd.threat.all","dd.challenge.all","dd.career.all","selfeff.all","pj.fit.all","confidence.all","gender.belief.all"
"1",0.943073677511455,0.947811998702052,0.833212145182391,0.873353323423828,0.903136996781469,0.944362833849058,0.549624445583614,0.706144148151028,0.950711178600136,0.928434566854741,0.677887399685612
